knob,value,bot,medianScore,p10Score,p90Score,medianMoves,p90Moves,maxMoves,pctBudgetEnd,avgFrenzies,pctRunsWithFrenzy,pctRunsWithTierUp,medianLongestDryGap
refund.deep,1,casual,4033.5,2404,10266,33,51,97,0.932,0.29,0.21,0.942,6
refund.deep,1,ketoBig,6160.5,2998,16645,38,60,96,0.91,0.668,0.394,0.972,5
refund.deep,1,lookahead,8239.5,4045,33255,39,81,200,0.95,1.052,0.414,0.96,5
refund.deep,2,casual,4064.5,2404,11203,34,56,115,0.928,0.296,0.21,0.942,6
refund.deep,2,ketoBig,6232,2998,17685,40,67,126,0.906,0.694,0.398,0.972,6
refund.deep,2,lookahead,8428,4045,38710,40,99,236,0.938,1.15,0.414,0.96,5
refund.deep,3,casual,4095,2404,11608,34,61,143,0.926,0.316,0.214,0.942,6
refund.deep,3,ketoBig,6329.5,2998,18455,41,75,140,0.894,0.706,0.4,0.972,6
refund.deep,3,lookahead,8562.5,4045,44413,41,117,304,0.92,1.302,0.418,0.96,5
refund.keto,1,casual,3875,2380,9998,32,48,92,0.936,0.282,0.204,0.942,6
refund.keto,1,ketoBig,5789,2945,15508,36,59,91,0.914,0.648,0.386,0.972,5
refund.keto,1,lookahead,7217,4029,32285,36,76,206,0.948,1.022,0.398,0.96,5
refund.keto,2,casual,4064.5,2404,11203,34,56,115,0.928,0.296,0.21,0.942,6
refund.keto,2,ketoBig,6232,2998,17685,40,67,126,0.906,0.694,0.398,0.972,6
refund.keto,2,lookahead,8428,4045,38710,40,99,236,0.938,1.15,0.414,0.96,5
refund.keto,3,casual,4226.5,2441,12405,35,64,142,0.922,0.332,0.226,0.942,6
refund.keto,3,ketoBig,6738.5,3065,19180,43,79,150,0.894,0.726,0.404,0.972,6
refund.keto,3,lookahead,8998,4094,44862,45,124,319,0.91,1.354,0.43,0.96,5
refund.frenzy,3,casual,4064.5,2404,10855,34,54,105,0.93,0.292,0.21,0.942,6
refund.frenzy,3,ketoBig,6152.5,2998,16645,39,63,106,0.908,0.676,0.398,0.972,5
refund.frenzy,3,lookahead,8428,4045,35405,40,86,225,0.948,1.102,0.414,0.96,5
refund.frenzy,5,casual,4064.5,2404,11203,34,56,115,0.928,0.296,0.21,0.942,6
refund.frenzy,5,ketoBig,6232,2998,17685,40,67,126,0.906,0.694,0.398,0.972,6
refund.frenzy,5,lookahead,8428,4045,38710,40,99,236,0.938,1.15,0.414,0.96,5
refund.frenzy,7,casual,4064.5,2404,11280,34,58,138,0.928,0.298,0.21,0.942,6
refund.frenzy,7,ketoBig,6249.5,2998,18395,40,73,134,0.9,0.704,0.398,0.972,6
refund.frenzy,7,lookahead,8428,4045,41208,40,105,278,0.926,1.226,0.414,0.96,5
moveBudget,20,casual,2877.5,1515,9435,22,43,100,0.95,0.272,0.196,0.868,5
moveBudget,20,ketoBig,4170,2025,14790,28,54,104,0.926,0.59,0.354,0.93,5
moveBudget,20,lookahead,5259.5,2636,31922,26,78,236,0.96,0.946,0.352,0.884,5
moveBudget,25,casual,3486,1933,10167,27,49,110,0.936,0.286,0.204,0.922,5
moveBudget,25,ketoBig,5350.5,2539,16255,34,60,109,0.912,0.646,0.38,0.956,5
moveBudget,25,lookahead,6787.5,3380,34505,33,87,236,0.95,1.066,0.392,0.938,5
moveBudget,30,casual,4064.5,2404,11203,34,56,115,0.928,0.296,0.21,0.942,6
moveBudget,30,ketoBig,6232,2998,17685,40,67,126,0.906,0.694,0.398,0.972,6
moveBudget,30,lookahead,8428,4045,38710,40,99,236,0.938,1.15,0.414,0.96,5
moveBudget,35,casual,4681.5,2811,12445,39,63,131,0.916,0.344,0.238,0.96,6
moveBudget,35,ketoBig,7071.5,3558,18455,45,76,131,0.892,0.728,0.406,0.982,6
moveBudget,35,lookahead,10070.5,4841,41538,48,107,263,0.904,1.276,0.446,0.972,5
drain,2/3,casual,4064.5,2404,11203,34,56,115,0.928,0.296,0.21,0.942,6
drain,2/3,ketoBig,6232,2998,17685,40,67,126,0.906,0.694,0.398,0.972,6
drain,2/3,lookahead,8428,4045,38710,40,99,236,0.938,1.15,0.414,0.96,5
drain,3/5,casual,3947,2404,9115,34,52,131,0.934,0.164,0.122,0.942,6
drain,3/5,ketoBig,5661.5,2983,14780,38,64,110,0.91,0.408,0.28,0.972,5
drain,3/5,lookahead,7345,4017,27200,38,79,198,0.942,0.694,0.328,0.958,5
drain,4/6,casual,3843.5,2389,8625,32,48,92,0.932,0.128,0.102,0.942,6
drain,4/6,ketoBig,5200.5,2951,12495,38,60,107,0.914,0.266,0.208,0.972,5
drain,4/6,lookahead,6797.5,4017,22085,36,68,181,0.938,0.438,0.236,0.956,5
drain,3/7,casual,3889,2394,8706,34,51,101,0.934,0.134,0.106,0.942,6
drain,3/7,ketoBig,5569,2983,13898,38,63,129,0.91,0.316,0.234,0.972,5
drain,3/7,lookahead,7032.5,4015,24971,38,73,206,0.944,0.494,0.264,0.958,5
sugarRush,1.25,casual,3656,2145,10105,34,56,115,0.928,0.296,0.21,0.942,6
sugarRush,1.25,ketoBig,5579.5,2696,15974,40,67,126,0.906,0.694,0.398,0.972,6
sugarRush,1.25,lookahead,7738.5,3693,35832,41,100,236,0.922,1.188,0.42,0.964,5
sugarRush,1.5,casual,4064.5,2404,11203,34,56,115,0.928,0.296,0.21,0.942,6
sugarRush,1.5,ketoBig,6232,2998,17685,40,67,126,0.906,0.694,0.398,0.972,6
sugarRush,1.5,lookahead,8428,4045,38710,40,99,236,0.938,1.15,0.414,0.96,5
sugarRush,1.75,casual,4475,2677,12213,34,56,115,0.928,0.296,0.21,0.942,6
sugarRush,1.75,ketoBig,6889.5,3308,19417,40,67,126,0.906,0.694,0.398,0.972,5.5
sugarRush,1.75,lookahead,9861.5,4394,44491,42,100,257,0.928,1.2,0.426,0.972,5
sugarRush,2,casual,4872.5,2940,13210,34,56,115,0.928,0.296,0.21,0.942,6
sugarRush,2,ketoBig,7525,3570,21060,40,67,126,0.906,0.694,0.398,0.972,5
sugarRush,2,lookahead,10577.5,5065,45980,42,96,314,0.922,1.228,0.422,0.976,5
frenzyMoves,3,casual,4064.5,2404,10418,34,56,108,0.928,0.302,0.21,0.942,6
frenzyMoves,3,ketoBig,6139,2998,15745,39.5,69,161,0.904,0.728,0.398,0.972,5
frenzyMoves,3,lookahead,8428,4045,31445,40,97,237,0.922,1.14,0.414,0.96,5
frenzyMoves,5,casual,4064.5,2404,11203,34,56,115,0.928,0.296,0.21,0.942,6
frenzyMoves,5,ketoBig,6232,2998,17685,40,67,126,0.906,0.694,0.398,0.972,6
frenzyMoves,5,lookahead,8428,4045,38710,40,99,236,0.938,1.15,0.414,0.96,5
frenzyMoves,7,casual,4064.5,2404,12123,34,58,147,0.926,0.3,0.21,0.942,6
frenzyMoves,7,ketoBig,6269.5,2998,19270,40,69,135,0.902,0.7,0.398,0.972,6
frenzyMoves,7,lookahead,8428,4045,40970,40,95,239,0.924,1.15,0.414,0.96,5
frenzyLand,55,casual,4064.5,2404,9860,34,53,90,0.928,0.25,0.21,0.942,6
frenzyLand,55,ketoBig,6107.5,2998,14690,39,63,108,0.908,0.562,0.398,0.972,5
frenzyLand,55,lookahead,8226,4045,24840,40,75,137,0.94,0.726,0.414,0.96,5
frenzyLand,70,casual,4064.5,2404,11203,34,56,115,0.928,0.296,0.21,0.942,6
frenzyLand,70,ketoBig,6232,2998,17685,40,67,126,0.906,0.694,0.398,0.972,6
frenzyLand,70,lookahead,8428,4045,38710,40,99,236,0.938,1.15,0.414,0.96,5
frenzyLand,80,casual,4064.5,2404,12165,34,59,174,0.928,0.37,0.21,0.942,6
frenzyLand,80,ketoBig,6380.5,2998,22650,40,78,208,0.896,0.988,0.398,0.972,6
frenzyLand,80,lookahead,8567.5,4045,55128,40,132,468,0.92,2.162,0.414,0.96,5
carbLoss,2,casual,20307.5,3480,49525,82.5,168,319,0.808,3.676,0.798,0.952,6
carbLoss,2,ketoBig,36587.5,8225,78635,110,214,414,0.78,6.244,0.922,0.994,6
carbLoss,2,lookahead,114217.5,17170,331810,224,595,1724,0.55,19.236,0.938,0.988,6
carbLoss,3,casual,4064.5,2404,11203,34,56,115,0.928,0.296,0.21,0.942,6
carbLoss,3,ketoBig,6232,2998,17685,40,67,126,0.906,0.694,0.398,0.972,6
carbLoss,3,lookahead,8428,4045,38710,40,99,236,0.938,1.15,0.414,0.96,5
carbLoss,4,casual,3077,1995,5884,30,40,90,0.938,0.094,0.076,0.978,6
carbLoss,4,ketoBig,3795,2406,8464,32,45,103,0.926,0.206,0.16,0.984,5
carbLoss,4,lookahead,5424,3531,13581,32,49,101,0.968,0.24,0.148,0.974,5
proteinGain,3,casual,2909,2009,4620,30,34,47,0.944,0.01,0.01,0.928,6
proteinGain,3,ketoBig,3454,2288,5849,30,38,62,0.938,0.03,0.028,0.942,5
proteinGain,3,lookahead,4881,3121,7905,30,36,76,0.958,0.032,0.024,0.928,5
proteinGain,4,casual,4064.5,2404,11203,34,56,115,0.928,0.296,0.21,0.942,6
proteinGain,4,ketoBig,6232,2998,17685,40,67,126,0.906,0.694,0.398,0.972,6
proteinGain,4,lookahead,8428,4045,38710,40,99,236,0.938,1.15,0.414,0.96,5
proteinGain,5,casual,14615,3097,46879,69,161,341,0.836,3.478,0.75,0.98,7
proteinGain,5,ketoBig,27520,5410,71545,96.5,215,677,0.796,6.002,0.878,0.998,6
proteinGain,5,lookahead,107217,10065,413232,210,781,3432,0.502,25.574,0.916,0.988,6
